Handle,Varenavn,Fargenavn,Str-navn,eanplu,Innkj√∏pspris,Salgspris,Antall
KB0KB05879BDS,ESSENTIAL DOWN JACKET,Black,10,8720111609436,714.0,1999,2
KB0KB05879BDS,ESSENTIAL DOWN JACKET,Black,10,8720111609436,714.0,1999,1
KB0KB05879BDS,ESSENTIAL DOWN JACKET,Black,12,8720111609443,714.0,1999,3
KB0KB05879BDS,ESSENTIAL DOWN JACKET,Black,12,8720111609443,714.0,1999,2
KB0KB05879BDS,ESSENTIAL DOWN JACKET,Black,14,8720111609450,714.0,1999,3
KB0KB05879BDS,ESSENTIAL DOWN JACKET,Black,14,8720111609450,714.0,1999,2
KB0KB05879BDS,ESSENTIAL DOWN JACKET,Black,16,8720111609467,714.0,1999,3
KB0KB05879BDS,ESSENTIAL DOWN JACKET,Black,16,8720111609467,714.0,1999,2
KB0KB05879BDS,ESSENTIAL DOWN JACKET,Black,8,8720111609429,714.0,1999,1
KB0KB05879BDS,ESSENTIAL DOWN JACKET,Black,8,8720111609429,714.0,1999,1
KB0KB05879C87,ESSENTIAL DOWN JACKET,Twilight Navy,10,8719862886661,714.0,1999,2
KB0KB05879C87,ESSENTIAL DOWN JACKET,Twilight Navy,10,8719862886661,714.0,1999,1
KB0KB05879C87,ESSENTIAL DOWN JACKET,Twilight Navy,12,8719862887200,714.0,1999,3
KB0KB05879C87,ESSENTIAL DOWN JACKET,Twilight Navy,12,8719862887200,714.0,1999,2
KB0KB05879C87,ESSENTIAL DOWN JACKET,Twilight Navy,14,8719862887507,714.0,1999,3
KB0KB05879C87,ESSENTIAL DOWN JACKET,Twilight Navy,14,8719862887507,714.0,1999,2
KB0KB05879C87,ESSENTIAL DOWN JACKET,Twilight Navy,16,8719862887828,714.0,1999,3
KB0KB05879C87,ESSENTIAL DOWN JACKET,Twilight Navy,16,8719862887828,714.0,1999,2
KB0KB05879C87,ESSENTIAL DOWN JACKET,Twilight Navy,8,8719862886333,714.0,1999,1
KB0KB05879C87,ESSENTIAL DOWN JACKET,Twilight Navy,8,8719862886333,714.0,1999,1
KB0KB05879MRZ,ESSENTIAL DOWN JACKET,Dark Olive,10,8720114803077,714.0,1999,2
KB0KB05879MRZ,ESSENTIAL DOWN JACKET,Dark Olive,10,8720114803077,714.0,1999,1
KB0KB05879MRZ,ESSENTIAL DOWN JACKET,Dark Olive,12,8720114803084,714.0,1999,3
KB0KB05879MRZ,ESSENTIAL DOWN JACKET,Dark Olive,12,8720114803084,714.0,1999,2
KB0KB05879MRZ,ESSENTIAL DOWN JACKET,Dark Olive,14,8720114803091,714.0,1999,3
KB0KB05879MRZ,ESSENTIAL DOWN JACKET,Dark Olive,14,8720114803091,714.0,1999,2
KB0KB05879MRZ,ESSENTIAL DOWN JACKET,Dark Olive,16,8720114803107,714.0,1999,1
KB0KB05879MRZ,ESSENTIAL DOWN JACKET,Dark Olive,16,8720114803107,714.0,1999,2
KB0KB05879MRZ,ESSENTIAL DOWN JACKET,Dark Olive,8,8720114803060,714.0,1999,1
KB0KB05879MRZ,ESSENTIAL DOWN JACKET,Dark Olive,8,8720114803060,714.0,1999,1
KB0KB06751MRZ,REVERSIBLE SHERPA VEST,Dark Olive / Sherpa,10,8720114870529,500.0,1399,2
KB0KB06751MRZ,REVERSIBLE SHERPA VEST,Dark Olive / Sherpa,10,8720114870529,500.0,1399,1
KB0KB06751MRZ,REVERSIBLE SHERPA VEST,Dark Olive / Sherpa,12,8720114870550,500.0,1399,3
KB0KB06751MRZ,REVERSIBLE SHERPA VEST,Dark Olive / Sherpa,12,8720114870550,500.0,1399,2
KB0KB06751MRZ,REVERSIBLE SHERPA VEST,Dark Olive / Sherpa,14,8720114870611,500.0,1399,3
KB0KB06751MRZ,REVERSIBLE SHERPA VEST,Dark Olive / Sherpa,14,8720114870611,500.0,1399,2
KB0KB06751MRZ,REVERSIBLE SHERPA VEST,Dark Olive / Sherpa,16,8720114870666,500.0,1399,3
KB0KB06751MRZ,REVERSIBLE SHERPA VEST,Dark Olive / Sherpa,16,8720114870666,500.0,1399,2
KB0KB06751MRZ,REVERSIBLE SHERPA VEST,Dark Olive / Sherpa,8,8720114870482,500.0,1399,1
KB0KB06751MRZ,REVERSIBLE SHERPA VEST,Dark Olive / Sherpa,8,8720114870482,500.0,1399,1
KB0KB068301BJ,SCANTON SLIM,Darkusedcomf,10,8720114839151,250.0,699,2
KB0KB068301BJ,SCANTON SLIM,Darkusedcomf,10,8720114839151,250.0,699,2
KB0KB068301BJ,SCANTON SLIM,Darkusedcomf,12,8720114839182,250.0,699,3
KB0KB068301BJ,SCANTON SLIM,Darkusedcomf,12,8720114839182,250.0,699,2
KB0KB068301BJ,SCANTON SLIM,Darkusedcomf,14,8720114839311,250.0,699,3
KB0KB068301BJ,SCANTON SLIM,Darkusedcomf,14,8720114839311,250.0,699,3
KB0KB068301BJ,SCANTON SLIM,Darkusedcomf,16,8720114839342,250.0,699,1
KB0KB068301BJ,SCANTON SLIM,Darkusedcomf,16,8720114839342,250.0,699,1
KB0KB068301BJ,SCANTON SLIM,Darkusedcomf,8,8720114839106,250.0,699,1
KB0KB068301BJ,SCANTON SLIM,Darkusedcomf,8,8720114839106,250.0,699,1
KB0KB068401A6,MODERN STRAIGHT EMBROIDERY,Authmedused,10,8720114844742,285.5,799,2
KB0KB068401A6,MODERN STRAIGHT EMBROIDERY,Authmedused,10,8720114844742,285.5,799,2
KB0KB068401A6,MODERN STRAIGHT EMBROIDERY,Authmedused,12,8720114844773,285.5,799,3
KB0KB068401A6,MODERN STRAIGHT EMBROIDERY,Authmedused,12,8720114844773,285.5,799,2
KB0KB068401A6,MODERN STRAIGHT EMBROIDERY,Authmedused,14,8720114844803,285.5,799,3
KB0KB068401A6,MODERN STRAIGHT EMBROIDERY,Authmedused,14,8720114844803,285.5,799,3
KB0KB068401A6,MODERN STRAIGHT EMBROIDERY,Authmedused,16,8720114844827,285.5,799,1
KB0KB068401A6,MODERN STRAIGHT EMBROIDERY,Authmedused,16,8720114844827,285.5,799,1
KB0KB068401A6,MODERN STRAIGHT EMBROIDERY,Authmedused,8,8720114844711,285.5,799,1
KB0KB068401A6,MODERN STRAIGHT EMBROIDERY,Authmedused,8,8720114844711,285.5,799,1
KB0KB06846C87,MOUNTAIN LOGO TEE S/S,Twilight Navy,10,8720114846937,142.5,399,2
KB0KB06846C87,MOUNTAIN LOGO TEE S/S,Twilight Navy,10,8720114846937,142.5,399,2
KB0KB06846C87,MOUNTAIN LOGO TEE S/S,Twilight Navy,12,8720114846968,142.5,399,3
KB0KB06846C87,MOUNTAIN LOGO TEE S/S,Twilight Navy,12,8720114846968,142.5,399,2
KB0KB06846C87,MOUNTAIN LOGO TEE S/S,Twilight Navy,14,8720114846999,142.5,399,3
KB0KB06846C87,MOUNTAIN LOGO TEE S/S,Twilight Navy,14,8720114846999,142.5,399,3
KB0KB06846C87,MOUNTAIN LOGO TEE S/S,Twilight Navy,16,8720114847224,142.5,399,1
KB0KB06846C87,MOUNTAIN LOGO TEE S/S,Twilight Navy,16,8720114847224,142.5,399,1
KB0KB06846C87,MOUNTAIN LOGO TEE S/S,Twilight Navy,8,8720114846913,142.5,399,1
KB0KB06846C87,MOUNTAIN LOGO TEE S/S,Twilight Navy,8,8720114846913,142.5,399,1
KB0KB06847L6C,MOUNTAIN ARTWORK TEE S/S,Forage Green,10,8720114853355,160.5,449,2
KB0KB06847L6C,MOUNTAIN ARTWORK TEE S/S,Forage Green,10,8720114853355,160.5,449,2
KB0KB06847L6C,MOUNTAIN ARTWORK TEE S/S,Forage Green,12,8720114853393,160.5,449,3
KB0KB06847L6C,MOUNTAIN ARTWORK TEE S/S,Forage Green,12,8720114853393,160.5,449,2
KB0KB06847L6C,MOUNTAIN ARTWORK TEE S/S,Forage Green,14,8720114853522,160.5,449,3
KB0KB06847L6C,MOUNTAIN ARTWORK TEE S/S,Forage Green,14,8720114853522,160.5,449,3
KB0KB06847L6C,MOUNTAIN ARTWORK TEE S/S,Forage Green,16,8720114853560,160.5,449,1
KB0KB06847L6C,MOUNTAIN ARTWORK TEE S/S,Forage Green,16,8720114853560,160.5,449,1
KB0KB06847L6C,MOUNTAIN ARTWORK TEE S/S,Forage Green,8,8720114853324,160.5,449,1
KB0KB06847L6C,MOUNTAIN ARTWORK TEE S/S,Forage Green,8,8720114853324,160.5,449,1
KB0KB06847YBR,MOUNTAIN ARTWORK TEE S/S,White,10,8720114841888,160.5,449,2
KB0KB06847YBR,MOUNTAIN ARTWORK TEE S/S,White,10,8720114841888,160.5,449,2
KB0KB06847YBR,MOUNTAIN ARTWORK TEE S/S,White,12,8720114842007,160.5,449,3
KB0KB06847YBR,MOUNTAIN ARTWORK TEE S/S,White,12,8720114842007,160.5,449,2
KB0KB06847YBR,MOUNTAIN ARTWORK TEE S/S,White,14,8720114842045,160.5,449,3
KB0KB06847YBR,MOUNTAIN ARTWORK TEE S/S,White,14,8720114842045,160.5,449,3
KB0KB06847YBR,MOUNTAIN ARTWORK TEE S/S,White,16,8720114842076,160.5,449,1
KB0KB06847YBR,MOUNTAIN ARTWORK TEE S/S,White,16,8720114842076,160.5,449,1
KB0KB06847YBR,MOUNTAIN ARTWORK TEE S/S,White,8,8720114841857,160.5,449,1
KB0KB06847YBR,MOUNTAIN ARTWORK TEE S/S,White,8,8720114841857,160.5,449,1
KB0KB06883C87,MINI WAFFLE CN TEE L/S,Twilight Navy,10,8720114850484,214.0,599,2
KB0KB06883C87,MINI WAFFLE CN TEE L/S,Twilight Navy,10,8720114850484,214.0,599,2
KB0KB06883C87,MINI WAFFLE CN TEE L/S,Twilight Navy,12,8720114850521,214.0,599,3
KB0KB06883C87,MINI WAFFLE CN TEE L/S,Twilight Navy,12,8720114850521,214.0,599,2
KB0KB06883C87,MINI WAFFLE CN TEE L/S,Twilight Navy,14,8720114850545,214.0,599,3
KB0KB06883C87,MINI WAFFLE CN TEE L/S,Twilight Navy,14,8720114850545,214.0,599,3
KB0KB06883C87,MINI WAFFLE CN TEE L/S,Twilight Navy,16,8720114850583,214.0,599,1
KB0KB06883C87,MINI WAFFLE CN TEE L/S,Twilight Navy,16,8720114850583,214.0,599,1
KB0KB06883C87,MINI WAFFLE CN TEE L/S,Twilight Navy,8,8720114850446,214.0,599,1
KB0KB06883C87,MINI WAFFLE CN TEE L/S,Twilight Navy,8,8720114850446,214.0,599,1
KB0KB06893P01,GLOW IN THE DARK ZIP THROUGH,Light Grey Heather,10,8720114839304,321.5,899,2
KB0KB06893P01,GLOW IN THE DARK ZIP THROUGH,Light Grey Heather,10,8720114839304,321.5,899,2
KB0KB06893P01,GLOW IN THE DARK ZIP THROUGH,Light Grey Heather,12,8720114839335,321.5,899,3
KB0KB06893P01,GLOW IN THE DARK ZIP THROUGH,Light Grey Heather,12,8720114839335,321.5,899,2
KB0KB06893P01,GLOW IN THE DARK ZIP THROUGH,Light Grey Heather,14,8720114839366,321.5,899,3
KB0KB06893P01,GLOW IN THE DARK ZIP THROUGH,Light Grey Heather,14,8720114839366,321.5,899,3
KB0KB06893P01,GLOW IN THE DARK ZIP THROUGH,Light Grey Heather,16,8720114839380,321.5,899,1
KB0KB06893P01,GLOW IN THE DARK ZIP THROUGH,Light Grey Heather,16,8720114839380,321.5,899,1
KB0KB06893P01,GLOW IN THE DARK ZIP THROUGH,Light Grey Heather,8,8720114839175,321.5,899,1
KB0KB06893P01,GLOW IN THE DARK ZIP THROUGH,Light Grey Heather,8,8720114839175,321.5,899,1
KB0KB06904P01,TOMMY APPLIQUE LOGO HOODIE,Light Grey Heather,10,8720114843899,285.5,799,2
KB0KB06904P01,TOMMY APPLIQUE LOGO HOODIE,Light Grey Heather,10,8720114843899,285.5,799,2
KB0KB06904P01,TOMMY APPLIQUE LOGO HOODIE,Light Grey Heather,12,8720114844032,285.5,799,3
KB0KB06904P01,TOMMY APPLIQUE LOGO HOODIE,Light Grey Heather,12,8720114844032,285.5,799,2
KB0KB06904P01,TOMMY APPLIQUE LOGO HOODIE,Light Grey Heather,14,8720114844094,285.5,799,3
KB0KB06904P01,TOMMY APPLIQUE LOGO HOODIE,Light Grey Heather,14,8720114844094,285.5,799,3
KB0KB06904P01,TOMMY APPLIQUE LOGO HOODIE,Light Grey Heather,16,8720114844230,285.5,799,1
KB0KB06904P01,TOMMY APPLIQUE LOGO HOODIE,Light Grey Heather,16,8720114844230,285.5,799,1
KB0KB06904P01,TOMMY APPLIQUE LOGO HOODIE,Light Grey Heather,8,8720114843868,285.5,799,1
KB0KB06904P01,TOMMY APPLIQUE LOGO HOODIE,Light Grey Heather,8,8720114843868,285.5,799,1
KB0KB06906C87,RIB INSERT SWEATPANTS,Twilight Navy,10,8720114892071,285.5,799,2
KB0KB06906C87,RIB INSERT SWEATPANTS,Twilight Navy,12,8720114892101,285.5,799,3
KB0KB06906C87,RIB INSERT SWEATPANTS,Twilight Navy,14,8720114892132,285.5,799,3
KB0KB06906C87,RIB INSERT SWEATPANTS,Twilight Navy,16,8720114892163,285.5,799,1
KB0KB06906C87,RIB INSERT SWEATPANTS,Twilight Navy,8,8720114892040,285.5,799,1
KB0KB06919C87,TH WARM TURTLENECK SWEATER,Twilight Navy,10,8720114835740,321.5,899,2
KB0KB06919C87,TH WARM TURTLENECK SWEATER,Twilight Navy,10,8720114835740,321.5,899,2
KB0KB06919C87,TH WARM TURTLENECK SWEATER,Twilight Navy,12,8720114835757,321.5,899,3
KB0KB06919C87,TH WARM TURTLENECK SWEATER,Twilight Navy,12,8720114835757,321.5,899,2
KB0KB06919C87,TH WARM TURTLENECK SWEATER,Twilight Navy,14,8720114835764,321.5,899,3
KB0KB06919C87,TH WARM TURTLENECK SWEATER,Twilight Navy,14,8720114835764,321.5,899,3
KB0KB06919C87,TH WARM TURTLENECK SWEATER,Twilight Navy,16,8720114835771,321.5,899,1
KB0KB06919C87,TH WARM TURTLENECK SWEATER,Twilight Navy,16,8720114835771,321.5,899,1
KB0KB06919C87,TH WARM TURTLENECK SWEATER,Twilight Navy,8,8720114835733,321.5,899,1
KB0KB06919C87,TH WARM TURTLENECK SWEATER,Twilight Navy,8,8720114835733,321.5,899,1
KB0KB06973YBR,HILFIGER GLOW TAPE TEE L/S,White,10,8720114875739,196.5,549,2
KB0KB06973YBR,HILFIGER GLOW TAPE TEE L/S,White,10,8720114875739,196.5,549,2
KB0KB06973YBR,HILFIGER GLOW TAPE TEE L/S,White,12,8720114875807,196.5,549,3
KB0KB06973YBR,HILFIGER GLOW TAPE TEE L/S,White,12,8720114875807,196.5,549,2
KB0KB06973YBR,HILFIGER GLOW TAPE TEE L/S,White,14,8720114875838,196.5,549,3
KB0KB06973YBR,HILFIGER GLOW TAPE TEE L/S,White,14,8720114875838,196.5,549,3
KB0KB06973YBR,HILFIGER GLOW TAPE TEE L/S,White,16,8720114875869,196.5,549,1
KB0KB06973YBR,HILFIGER GLOW TAPE TEE L/S,White,16,8720114875869,196.5,549,1
KB0KB06973YBR,HILFIGER GLOW TAPE TEE L/S,White,8,8720114875708,196.5,549,1
KB0KB06973YBR,HILFIGER GLOW TAPE TEE L/S,White,8,8720114875708,196.5,549,1
KG0KG06093C87,TEXTURED STRIPE DRESS L/S,Twilight Navy,10,8720114889842,392.5,1099,2
KG0KG06093C87,TEXTURED STRIPE DRESS L/S,Twilight Navy,10,8720114889842,392.5,1099,2
KG0KG06093C87,TEXTURED STRIPE DRESS L/S,Twilight Navy,12,8720114889880,392.5,1099,1
KG0KG06093C87,TEXTURED STRIPE DRESS L/S,Twilight Navy,12,8720114889880,392.5,1099,2
KG0KG06093C87,TEXTURED STRIPE DRESS L/S,Twilight Navy,14,8720114890015,392.5,1099,3
KG0KG06093C87,TEXTURED STRIPE DRESS L/S,Twilight Navy,14,8720114890015,392.5,1099,3
KG0KG06093C87,TEXTURED STRIPE DRESS L/S,Twilight Navy,16,8720114890039,392.5,1099,1
KG0KG06093C87,TEXTURED STRIPE DRESS L/S,Twilight Navy,16,8720114890039,392.5,1099,1
KG0KG06093C87,TEXTURED STRIPE DRESS L/S,Twilight Navy,8,8720114889811,392.5,1099,1
KG0KG06093C87,TEXTURED STRIPE DRESS L/S,Twilight Navy,8,8720114889811,392.5,1099,1
KG0KG06120P01,ESSENTIAL SWEAT DRESS,Light Grey Heather,10,8720114877160,321.5,899,2
KG0KG06120P01,ESSENTIAL SWEAT DRESS,Light Grey Heather,10,8720114877160,321.5,899,2
KG0KG06120P01,ESSENTIAL SWEAT DRESS,Light Grey Heather,12,8720114877306,321.5,899,3
KG0KG06120P01,ESSENTIAL SWEAT DRESS,Light Grey Heather,12,8720114877306,321.5,899,2
KG0KG06120P01,ESSENTIAL SWEAT DRESS,Light Grey Heather,14,8720114877344,321.5,899,3
KG0KG06120P01,ESSENTIAL SWEAT DRESS,Light Grey Heather,14,8720114877344,321.5,899,3
KG0KG06120P01,ESSENTIAL SWEAT DRESS,Light Grey Heather,16,8720114877382,321.5,899,1
KG0KG06120P01,ESSENTIAL SWEAT DRESS,Light Grey Heather,16,8720114877382,321.5,899,1
KG0KG06120P01,ESSENTIAL SWEAT DRESS,Light Grey Heather,8,8720114877122,321.5,899,1
KG0KG06120P01,ESSENTIAL SWEAT DRESS,Light Grey Heather,8,8720114877122,321.5,899,1
KG0KG06157C87,FLOWER EMBROIDERED HOODIE,Twilight Navy,10,8720114863583,321.5,899,2
KG0KG06157C87,FLOWER EMBROIDERED HOODIE,Twilight Navy,10,8720114863583,321.5,899,2
KG0KG06157C87,FLOWER EMBROIDERED HOODIE,Twilight Navy,12,8720114863729,321.5,899,3
KG0KG06157C87,FLOWER EMBROIDERED HOODIE,Twilight Navy,12,8720114863729,321.5,899,2
KG0KG06157C87,FLOWER EMBROIDERED HOODIE,Twilight Navy,14,8720114863774,321.5,899,3
KG0KG06157C87,FLOWER EMBROIDERED HOODIE,Twilight Navy,14,8720114863774,321.5,899,3
KG0KG06157C87,FLOWER EMBROIDERED HOODIE,Twilight Navy,16,8720114863835,321.5,899,1
KG0KG06157C87,FLOWER EMBROIDERED HOODIE,Twilight Navy,16,8720114863835,321.5,899,1
KG0KG06157C87,FLOWER EMBROIDERED HOODIE,Twilight Navy,8,8720114863545,321.5,899,1
KG0KG06157C87,FLOWER EMBROIDERED HOODIE,Twilight Navy,8,8720114863545,321.5,899,1
KG0KG06165TPI,MULTI SHINE PRINT TEE L/S,Pale Primrose,10,8720114893559,178.5,499,2
KG0KG06165TPI,MULTI SHINE PRINT TEE L/S,Pale Primrose,10,8720114893559,178.5,499,2
KG0KG06165TPI,MULTI SHINE PRINT TEE L/S,Pale Primrose,12,8720114893566,178.5,499,3
KG0KG06165TPI,MULTI SHINE PRINT TEE L/S,Pale Primrose,12,8720114893566,178.5,499,2
KG0KG06165TPI,MULTI SHINE PRINT TEE L/S,Pale Primrose,14,8720114893573,178.5,499,3
KG0KG06165TPI,MULTI SHINE PRINT TEE L/S,Pale Primrose,14,8720114893573,178.5,499,3
KG0KG06165TPI,MULTI SHINE PRINT TEE L/S,Pale Primrose,16,8720114893580,178.5,499,1
KG0KG06165TPI,MULTI SHINE PRINT TEE L/S,Pale Primrose,16,8720114893580,178.5,499,1
KG0KG06165TPI,MULTI SHINE PRINT TEE L/S,Pale Primrose,8,8720114893542,178.5,499,1
KG0KG06165TPI,MULTI SHINE PRINT TEE L/S,Pale Primrose,8,8720114893542,178.5,499,1
KN0KN01362ABI,BABY BRANDED SWEATPANT,Smooth Stone,56,8720114861497,196.5,549,1
KN0KN01362ABI,BABY BRANDED SWEATPANT,Smooth Stone,56,8720114861497,196.5,549,1
KN0KN01362ABI,BABY BRANDED SWEATPANT,Smooth Stone,62,8720114861749,196.5,549,2
KN0KN01362ABI,BABY BRANDED SWEATPANT,Smooth Stone,62,8720114861749,196.5,549,1
KN0KN01362ABI,BABY BRANDED SWEATPANT,Smooth Stone,68,8720114861787,196.5,549,2
KN0KN01362ABI,BABY BRANDED SWEATPANT,Smooth Stone,68,8720114861787,196.5,549,2
KN0KN01362ABI,BABY BRANDED SWEATPANT,Smooth Stone,74,8720114861930,196.5,549,2
KN0KN01362ABI,BABY BRANDED SWEATPANT,Smooth Stone,74,8720114861930,196.5,549,1
KN0KN01362ABI,BABY BRANDED SWEATPANT,Smooth Stone,80,8720114861978,196.5,549,2
KN0KN01362ABI,BABY BRANDED SWEATPANT,Smooth Stone,80,8720114861978,196.5,549,1
KN0KN01362ABI,BABY BRANDED SWEATPANT,Smooth Stone,86,8720114862210,196.5,549,2
KN0KN01362ABI,BABY BRANDED SWEATPANT,Smooth Stone,86,8720114862210,196.5,549,1
KN0KN01362ABI,BABY BRANDED SWEATPANT,Smooth Stone,92,8720114862289,196.5,549,1
KN0KN01362ABI,BABY BRANDED SWEATPANT,Smooth Stone,92,8720114862289,196.5,549,1
KN0KN01362C87,BABY BRANDED SWEATPANT,Twilight Navy,56,8720114840263,196.5,549,1
KN0KN01362C87,BABY BRANDED SWEATPANT,Twilight Navy,56,8720114840263,196.5,549,1
KN0KN01362C87,BABY BRANDED SWEATPANT,Twilight Navy,62,8720114840430,196.5,549,2
KN0KN01362C87,BABY BRANDED SWEATPANT,Twilight Navy,62,8720114840430,196.5,549,1
KN0KN01362C87,BABY BRANDED SWEATPANT,Twilight Navy,68,8720114840485,196.5,549,2
KN0KN01362C87,BABY BRANDED SWEATPANT,Twilight Navy,68,8720114840485,196.5,549,2
KN0KN01362C87,BABY BRANDED SWEATPANT,Twilight Navy,74,8720114840539,196.5,549,2
KN0KN01362C87,BABY BRANDED SWEATPANT,Twilight Navy,74,8720114840539,196.5,549,1
KN0KN01362C87,BABY BRANDED SWEATPANT,Twilight Navy,80,8720114840560,196.5,549,2
KN0KN01362C87,BABY BRANDED SWEATPANT,Twilight Navy,80,8720114840560,196.5,549,1
KN0KN01362C87,BABY BRANDED SWEATPANT,Twilight Navy,86,8720114840614,196.5,549,2
KN0KN01362C87,BABY BRANDED SWEATPANT,Twilight Navy,86,8720114840614,196.5,549,1
KN0KN01362C87,BABY BRANDED SWEATPANT,Twilight Navy,92,8720114840645,196.5,549,1
KN0KN01362C87,BABY BRANDED SWEATPANT,Twilight Navy,92,8720114840645,196.5,549,1
KN0KN01369ABI,BABY HERITAGE LOGO COVERALL,Smooth Stone,56,8720114867963,285.5,799,1
KN0KN01369ABI,BABY HERITAGE LOGO COVERALL,Smooth Stone,56,8720114867963,285.5,799,1
KN0KN01369ABI,BABY HERITAGE LOGO COVERALL,Smooth Stone,62,8720114867994,285.5,799,2
KN0KN01369ABI,BABY HERITAGE LOGO COVERALL,Smooth Stone,62,8720114867994,285.5,799,2
KN0KN01369ABI,BABY HERITAGE LOGO COVERALL,Smooth Stone,68,8720114868038,285.5,799,2
KN0KN01369ABI,BABY HERITAGE LOGO COVERALL,Smooth Stone,68,8720114868038,285.5,799,2
KN0KN01369ABI,BABY HERITAGE LOGO COVERALL,Smooth Stone,74,8720114868069,285.5,799,2
KN0KN01369ABI,BABY HERITAGE LOGO COVERALL,Smooth Stone,74,8720114868069,285.5,799,2
KN0KN01369ABI,BABY HERITAGE LOGO COVERALL,Smooth Stone,80,8720114868083,285.5,799,1
KN0KN01369ABI,BABY HERITAGE LOGO COVERALL,Smooth Stone,80,8720114868083,285.5,799,1
KN0KN01378ABI,BABY LOGO BODY,Smooth Stone,56,8720114890169,107.0,299,1
KN0KN01378ABI,BABY LOGO BODY,Smooth Stone,56,8720114890169,107.0,299,1
KN0KN01378ABI,BABY LOGO BODY,Smooth Stone,62,8720114890206,107.0,299,2
KN0KN01378ABI,BABY LOGO BODY,Smooth Stone,62,8720114890206,107.0,299,1
KN0KN01378ABI,BABY LOGO BODY,Smooth Stone,68,8720114890220,107.0,299,2
KN0KN01378ABI,BABY LOGO BODY,Smooth Stone,68,8720114890220,107.0,299,2
KN0KN01378ABI,BABY LOGO BODY,Smooth Stone,74,8720114890251,107.0,299,2
KN0KN01378ABI,BABY LOGO BODY,Smooth Stone,74,8720114890251,107.0,299,1
KN0KN01378ABI,BABY LOGO BODY,Smooth Stone,80,8720114890275,107.0,299,2
KN0KN01378ABI,BABY LOGO BODY,Smooth Stone,80,8720114890275,107.0,299,1
KN0KN01378ABI,BABY LOGO BODY,Smooth Stone,86,8720114890299,107.0,299,2
KN0KN01378ABI,BABY LOGO BODY,Smooth Stone,86,8720114890299,107.0,299,1
KN0KN01378ABI,BABY LOGO BODY,Smooth Stone,92,8720114890404,107.0,299,1
KN0KN01378ABI,BABY LOGO BODY,Smooth Stone,92,8720114890404,107.0,299,1
KN0KN01378C87,BABY LOGO BODY,Twilight Navy,56,8720114872370,107.0,299,1
KN0KN01378C87,BABY LOGO BODY,Twilight Navy,56,8720114872370,107.0,299,1
KN0KN01378C87,BABY LOGO BODY,Twilight Navy,62,8720114872509,107.0,299,2
KN0KN01378C87,BABY LOGO BODY,Twilight Navy,62,8720114872509,107.0,299,1
KN0KN01378C87,BABY LOGO BODY,Twilight Navy,68,8720114872523,107.0,299,2
KN0KN01378C87,BABY LOGO BODY,Twilight Navy,68,8720114872523,107.0,299,2
KN0KN01378C87,BABY LOGO BODY,Twilight Navy,74,8720114872561,107.0,299,2
KN0KN01378C87,BABY LOGO BODY,Twilight Navy,74,8720114872561,107.0,299,1
KN0KN01378C87,BABY LOGO BODY,Twilight Navy,80,8720114872707,107.0,299,2
KN0KN01378C87,BABY LOGO BODY,Twilight Navy,80,8720114872707,107.0,299,1
KN0KN01378C87,BABY LOGO BODY,Twilight Navy,86,8720114872745,107.0,299,2
KN0KN01378C87,BABY LOGO BODY,Twilight Navy,86,8720114872745,107.0,299,1
KN0KN01378C87,BABY LOGO BODY,Twilight Navy,92,8720114872783,107.0,299,1
KN0KN01378C87,BABY LOGO BODY,Twilight Navy,92,8720114872783,107.0,299,1
KS0KS00194C87,U HERITAGE BADGE HOODIE,Twilight Navy,10,8720114872875,321.5,899,2
KS0KS00194C87,U HERITAGE BADGE HOODIE,Twilight Navy,10,8720114872875,321.5,899,2
KS0KS00194C87,U HERITAGE BADGE HOODIE,Twilight Navy,12,8720114872899,321.5,899,3
KS0KS00194C87,U HERITAGE BADGE HOODIE,Twilight Navy,12,8720114872899,321.5,899,2
KS0KS00194C87,U HERITAGE BADGE HOODIE,Twilight Navy,14,8720114873117,321.5,899,3
KS0KS00194C87,U HERITAGE BADGE HOODIE,Twilight Navy,14,8720114873117,321.5,899,3
KS0KS00194C87,U HERITAGE BADGE HOODIE,Twilight Navy,16,8720114873131,321.5,899,1
KS0KS00194C87,U HERITAGE BADGE HOODIE,Twilight Navy,16,8720114873131,321.5,899,1
KS0KS00194C87,U HERITAGE BADGE HOODIE,Twilight Navy,8,8720114872844,321.5,899,1
KS0KS00194C87,U HERITAGE BADGE HOODIE,Twilight Navy,8,8720114872844,321.5,899,1
KS0KS00197C87,U HERITAGE BADGE SWEATPANTS,Twilight Navy,10,8720114876163,321.5,899,2
KS0KS00197C87,U HERITAGE BADGE SWEATPANTS,Twilight Navy,12,8720114876309,321.5,899,2
KS0KS00197C87,U HERITAGE BADGE SWEATPANTS,Twilight Navy,14,8720114876347,321.5,899,3
KS0KS00197C87,U HERITAGE BADGE SWEATPANTS,Twilight Navy,16,8720114876392,321.5,899,1
KS0KS00197C87,U HERITAGE BADGE SWEATPANTS,Twilight Navy,8,8720114876125,321.5,899,1
KS0KS00201L6C,ESSENTIAL TEE S/S,Forage Green,10,8720114864054,107.0,299,2
KS0KS00201L6C,ESSENTIAL TEE S/S,Forage Green,10,8720114864054,107.0,299,2
KS0KS00201L6C,ESSENTIAL TEE S/S,Forage Green,12,8720114864207,107.0,299,3
KS0KS00201L6C,ESSENTIAL TEE S/S,Forage Green,12,8720114864207,107.0,299,2
KS0KS00201L6C,ESSENTIAL TEE S/S,Forage Green,14,8720114864252,107.0,299,3
KS0KS00201L6C,ESSENTIAL TEE S/S,Forage Green,14,8720114864252,107.0,299,3
KS0KS00201L6C,ESSENTIAL TEE S/S,Forage Green,16,8720114864306,107.0,299,1
KS0KS00201L6C,ESSENTIAL TEE S/S,Forage Green,16,8720114864306,107.0,299,1
KS0KS00201L6C,ESSENTIAL TEE S/S,Forage Green,8,8720114864009,107.0,299,1
KS0KS00201L6C,ESSENTIAL TEE S/S,Forage Green,8,8720114864009,107.0,299,1
KS0KS00201VQ6,ESSENTIAL TEE S/S,Court Purple,10,8720114888807,107.0,299,2
KS0KS00201VQ6,ESSENTIAL TEE S/S,Court Purple,10,8720114888807,107.0,299,2
KS0KS00201VQ6,ESSENTIAL TEE S/S,Court Purple,12,8720114888814,107.0,299,3
KS0KS00201VQ6,ESSENTIAL TEE S/S,Court Purple,12,8720114888814,107.0,299,2
KS0KS00201VQ6,ESSENTIAL TEE S/S,Court Purple,14,8720114888838,107.0,299,3
KS0KS00201VQ6,ESSENTIAL TEE S/S,Court Purple,14,8720114888838,107.0,299,3
KS0KS00201VQ6,ESSENTIAL TEE S/S,Court Purple,16,8720114888852,107.0,299,1
KS0KS00201VQ6,ESSENTIAL TEE S/S,Court Purple,16,8720114888852,107.0,299,1
KS0KS00201VQ6,ESSENTIAL TEE S/S,Court Purple,8,8720114888685,107.0,299,1
KS0KS00201VQ6,ESSENTIAL TEE S/S,Court Purple,8,8720114888685,107.0,299,1
KS0KS00202C87,ESSENTIAL TEE L/S,Twilight Navy,10,8720114898417,125.0,349,2
KS0KS00202C87,ESSENTIAL TEE L/S,Twilight Navy,10,8720114898417,125.0,349,2
KS0KS00202C87,ESSENTIAL TEE L/S,Twilight Navy,12,8720114898424,125.0,349,3
KS0KS00202C87,ESSENTIAL TEE L/S,Twilight Navy,12,8720114898424,125.0,349,2
KS0KS00202C87,ESSENTIAL TEE L/S,Twilight Navy,14,8720114898431,125.0,349,3
KS0KS00202C87,ESSENTIAL TEE L/S,Twilight Navy,14,8720114898431,125.0,349,3
KS0KS00202C87,ESSENTIAL TEE L/S,Twilight Navy,16,8720114898448,125.0,349,1
KS0KS00202C87,ESSENTIAL TEE L/S,Twilight Navy,16,8720114898448,125.0,349,1
KS0KS00202C87,ESSENTIAL TEE L/S,Twilight Navy,8,8720114898400,125.0,349,1
KS0KS00202C87,ESSENTIAL TEE L/S,Twilight Navy,8,8720114898400,125.0,349,1
KS0KS00202YBR,ESSENTIAL TEE L/S,White,10,8720114898752,125.0,349,2
KS0KS00202YBR,ESSENTIAL TEE L/S,White,10,8720114898752,125.0,349,2
KS0KS00202YBR,ESSENTIAL TEE L/S,White,12,8720114898769,125.0,349,3
KS0KS00202YBR,ESSENTIAL TEE L/S,White,12,8720114898769,125.0,349,2
KS0KS00202YBR,ESSENTIAL TEE L/S,White,14,8720114898776,125.0,349,3
KS0KS00202YBR,ESSENTIAL TEE L/S,White,14,8720114898776,125.0,349,3
KS0KS00202YBR,ESSENTIAL TEE L/S,White,16,8720114898783,125.0,349,1
KS0KS00202YBR,ESSENTIAL TEE L/S,White,16,8720114898783,125.0,349,1
KS0KS00202YBR,ESSENTIAL TEE L/S,White,8,8720114898745,125.0,349,1
KS0KS00202YBR,ESSENTIAL TEE L/S,White,8,8720114898745,125.0,349,1
KS0KS00205L6K,ESSENTIAL HOODIE,Ornamental Green,10,8720114899704,250.0,699,2
KS0KS00205L6K,ESSENTIAL HOODIE,Ornamental Green,10,8720114899704,250.0,699,2
KS0KS00205L6K,ESSENTIAL HOODIE,Ornamental Green,12,8720114899711,250.0,699,3
KS0KS00205L6K,ESSENTIAL HOODIE,Ornamental Green,12,8720114899711,250.0,699,2
KS0KS00205L6K,ESSENTIAL HOODIE,Ornamental Green,14,8720114899728,250.0,699,3
KS0KS00205L6K,ESSENTIAL HOODIE,Ornamental Green,14,8720114899728,250.0,699,3
KS0KS00205L6K,ESSENTIAL HOODIE,Ornamental Green,16,8720114899735,250.0,699,1
KS0KS00205L6K,ESSENTIAL HOODIE,Ornamental Green,16,8720114899735,250.0,699,1
KS0KS00205L6K,ESSENTIAL HOODIE,Ornamental Green,8,8720114899698,250.0,699,1
KS0KS00205L6K,ESSENTIAL HOODIE,Ornamental Green,8,8720114899698,250.0,699,1
KS0KS00206VQ6,TH ARTWORK HOODIE,Court Purple,10,8720114858084,285.5,799,2
KS0KS00206VQ6,TH ARTWORK HOODIE,Court Purple,10,8720114858084,285.5,799,2
KS0KS00206VQ6,TH ARTWORK HOODIE,Court Purple,12,8720114858213,285.5,799,3
KS0KS00206VQ6,TH ARTWORK HOODIE,Court Purple,12,8720114858213,285.5,799,2
KS0KS00206VQ6,TH ARTWORK HOODIE,Court Purple,14,8720114858237,285.5,799,3
KS0KS00206VQ6,TH ARTWORK HOODIE,Court Purple,14,8720114858237,285.5,799,3
KS0KS00206VQ6,TH ARTWORK HOODIE,Court Purple,16,8720114858268,285.5,799,1
KS0KS00206VQ6,TH ARTWORK HOODIE,Court Purple,16,8720114858268,285.5,799,1
KS0KS00206VQ6,TH ARTWORK HOODIE,Court Purple,8,8720114858046,285.5,799,1
KS0KS00206VQ6,TH ARTWORK HOODIE,Court Purple,8,8720114858046,285.5,799,1
UB0UB002890U9,2P TRUNK,White/Desert Sky,10-12,8720113389725,107.0,299,3
UB0UB002890U9,2P TRUNK,White/Desert Sky,10-12,8720113389725,107.0,299,3
UB0UB002890U9,2P TRUNK,White/Desert Sky,12-14,8720113389732,107.0,299,4
UB0UB002890U9,2P TRUNK,White/Desert Sky,12-14,8720113389732,107.0,299,4
UB0UB002890U9,2P TRUNK,White/Desert Sky,14-16,8720113389756,107.0,299,3
UB0UB002890U9,2P TRUNK,White/Desert Sky,14-16,8720113389756,107.0,299,3
UB0UB002890U9,2P TRUNK,White/Desert Sky,8-10,8720113389718,107.0,299,2
UB0UB002890U9,2P TRUNK,White/Desert Sky,8-10,8720113389718,107.0,299,2
UB0UB002890UB,2P TRUNK,Medium Grey Ht/Black,10-12,8720114814363,107.0,299,3
UB0UB002890UB,2P TRUNK,Medium Grey Ht/Black,10-12,8720114814363,107.0,299,3
UB0UB002890UB,2P TRUNK,Medium Grey Ht/Black,12-14,8720114814387,107.0,299,4
UB0UB002890UB,2P TRUNK,Medium Grey Ht/Black,12-14,8720114814387,107.0,299,4
UB0UB002890UB,2P TRUNK,Medium Grey Ht/Black,14-16,8720114814394,107.0,299,3
UB0UB002890UB,2P TRUNK,Medium Grey Ht/Black,14-16,8720114814394,107.0,299,3
UB0UB002890UB,2P TRUNK,Medium Grey Ht/Black,8-10,8720114814332,107.0,299,2
UB0UB002890UB,2P TRUNK,Medium Grey Ht/Black,8-10,8720114814332,107.0,299,2
UB0UB002910SX,2P TRUNK PRINT,Calm Water/Flag Diagonal,10-12,8720115555012,100.0,279,3
UB0UB002910SX,2P TRUNK PRINT,Calm Water/Flag Diagonal,10-12,8720115555012,100.0,279,3
UB0UB002910SX,2P TRUNK PRINT,Calm Water/Flag Diagonal,12-14,8720115555036,100.0,279,4
UB0UB002910SX,2P TRUNK PRINT,Calm Water/Flag Diagonal,12-14,8720115555036,100.0,279,4
UB0UB002910SX,2P TRUNK PRINT,Calm Water/Flag Diagonal,14-16,8720115555043,100.0,279,3
UB0UB002910SX,2P TRUNK PRINT,Calm Water/Flag Diagonal,14-16,8720115555043,100.0,279,3
UB0UB002910SX,2P TRUNK PRINT,Calm Water/Flag Diagonal,8-10,8720115554893,100.0,279,2
UB0UB002910SX,2P TRUNK PRINT,Calm Water/Flag Diagonal,8-10,8720115554893,100.0,279,2
UB0UB003070WG,LS WOVEN PANT SET,Grey Ht/Ombre Plaid,10-12,8720114806139,232.0,649,2
UB0UB003070WG,LS WOVEN PANT SET,Grey Ht/Ombre Plaid,10-12,8720114806139,232.0,649,2
UB0UB003070WG,LS WOVEN PANT SET,Grey Ht/Ombre Plaid,12-14,8720114806184,232.0,649,2
UB0UB003070WG,LS WOVEN PANT SET,Grey Ht/Ombre Plaid,12-14,8720114806184,232.0,649,2
UB0UB003070WG,LS WOVEN PANT SET,Grey Ht/Ombre Plaid,14-16,8720114806238,232.0,649,2
UB0UB003070WG,LS WOVEN PANT SET,Grey Ht/Ombre Plaid,14-16,8720114806238,232.0,649,2
UB0UB003070WG,LS WOVEN PANT SET,Grey Ht/Ombre Plaid,8-10,8720114806061,232.0,649,2
UB0UB003070WG,LS WOVEN PANT SET,Grey Ht/Ombre Plaid,8-10,8720114806061,232.0,649,2
UB0UB003090UB,2P CN TEE LS,Medium Grey Ht/Black,10-12,8720114807884,117.5,329,3
UB0UB003090UB,2P CN TEE LS,Medium Grey Ht/Black,10-12,8720114807884,117.5,329,3
UB0UB003090UB,2P CN TEE LS,Medium Grey Ht/Black,12-14,8720114807907,117.5,329,4
UB0UB003090UB,2P CN TEE LS,Medium Grey Ht/Black,12-14,8720114807907,117.5,329,4
UB0UB003090UB,2P CN TEE LS,Medium Grey Ht/Black,14-16,8720114807921,117.5,329,3
UB0UB003090UB,2P CN TEE LS,Medium Grey Ht/Black,14-16,8720114807921,117.5,329,3
UB0UB003090UB,2P CN TEE LS,Medium Grey Ht/Black,8-10,8720114807860,117.5,329,2
UB0UB003090UB,2P CN TEE LS,Medium Grey Ht/Black,8-10,8720114807860,117.5,329,2
UB0UB003100S0,2P CN TEE SS,Desert Sky/White,10-12,8720111640880,107.0,299,3
UB0UB003100S0,2P CN TEE SS,Desert Sky/White,10-12,8720111640880,107.0,299,3
UB0UB003100S0,2P CN TEE SS,Desert Sky/White,12-14,8720111641092,107.0,299,4
UB0UB003100S0,2P CN TEE SS,Desert Sky/White,12-14,8720111641092,107.0,299,4
UB0UB003100S0,2P CN TEE SS,Desert Sky/White,14-16,8720111641177,107.0,299,3
UB0UB003100S0,2P CN TEE SS,Desert Sky/White,14-16,8720111641177,107.0,299,3
UB0UB003100S0,2P CN TEE SS,Desert Sky/White,8-10,8720111640804,107.0,299,2
UB0UB003100S0,2P CN TEE SS,Desert Sky/White,8-10,8720111640804,107.0,299,2
UB0UB003410ST,2P TRUNK,Desert Sky/Desert Sky,10-12,8720111653453,92.5,259,3
UB0UB003410ST,2P TRUNK,Desert Sky/Desert Sky,10-12,8720111653453,92.5,259,3
UB0UB003410ST,2P TRUNK,Desert Sky/Desert Sky,12-14,8720111653477,92.5,259,4
UB0UB003410ST,2P TRUNK,Desert Sky/Desert Sky,12-14,8720111653477,92.5,259,4
UB0UB003410ST,2P TRUNK,Desert Sky/Desert Sky,14-16,8720111653484,92.5,259,3
UB0UB003410ST,2P TRUNK,Desert Sky/Desert Sky,14-16,8720111653484,92.5,259,3
UB0UB003410ST,2P TRUNK,Desert Sky/Desert Sky,8-10,8720111653439,92.5,259,2
UB0UB003410ST,2P TRUNK,Desert Sky/Desert Sky,8-10,8720111653439,92.5,259,2
UB0UB004060SW,BASIC LS PANT JERSEY SET,Calm Water/Desert Sky,10-12,8720114813304,232.0,649,2
UB0UB004060SW,BASIC LS PANT JERSEY SET,Calm Water/Desert Sky,10-12,8720114813304,232.0,649,2
UB0UB004060SW,BASIC LS PANT JERSEY SET,Calm Water/Desert Sky,12-14,8720114813335,232.0,649,2
UB0UB004060SW,BASIC LS PANT JERSEY SET,Calm Water/Desert Sky,12-14,8720114813335,232.0,649,2
UB0UB004060SW,BASIC LS PANT JERSEY SET,Calm Water/Desert Sky,14-16,8720114813373,232.0,649,2
UB0UB004060SW,BASIC LS PANT JERSEY SET,Calm Water/Desert Sky,14-16,8720114813373,232.0,649,2
UB0UB004060SW,BASIC LS PANT JERSEY SET,Calm Water/Desert Sky,8-10,8720114813243,232.0,649,2
UB0UB004060SW,BASIC LS PANT JERSEY SET,Calm Water/Desert Sky,8-10,8720114813243,232.0,649,2
UB0UB00409DW5,TOWELLING ROBE,Desert Sky,L,8720114824645,285.5,799,2
UB0UB00409DW5,TOWELLING ROBE,Desert Sky,L,8720114824645,285.5,799,2
UB0UB00409DW5,TOWELLING ROBE,Desert Sky,M,8720114824614,285.5,799,2
UB0UB00409DW5,TOWELLING ROBE,Desert Sky,M,8720114824614,285.5,799,2
UB0UB00409DW5,TOWELLING ROBE,Desert Sky,S,8720114824492,285.5,799,2
UB0UB00409DW5,TOWELLING ROBE,Desert Sky,S,8720114824492,285.5,799,2
UB0UB00409DW5,TOWELLING ROBE,Desert Sky,XL,8720114824676,285.5,799,2
UB0UB00409DW5,TOWELLING ROBE,Desert Sky,XL,8720114824676,285.5,799,2
